,UCLA Status,Custom field (UID Number),Mifi,CLICC ChromeBook,CLICC HP Laptop,CLICC MacBook,ITS MacBook,ITS Touchscreen Laptop,ITS Windows Laptop,ITS iPad
0,Faculty/Instructor,002556182,0,0,0,0,0,0,1,0
1,Faculty/Instructor,005647080,1,0,0,1,0,0,0,0
2,Faculty/Instructor,102743819,1,0,0,0,0,0,0,0
3,Faculty/Instructor,102747898,0,0,0,0,0,0,0,0
4,Faculty/Instructor,105657196,0,0,0,0,1,0,0,0
5,Faculty/Instructor,204761580,0,0,0,0,0,0,0,1
6,Faculty/Instructor,205216027,1,0,0,0,1,0,0,0
7,Faculty/Instructor,205226719,0,0,0,0,0,0,0,1
8,Faculty/Instructor,302896613,1,0,0,0,0,0,0,0
9,Faculty/Instructor,304105676,1,0,0,0,0,0,0,0
10,Faculty/Instructor,305033471,1,0,0,0,0,0,0,0
11,Faculty/Instructor,401797331,1,0,0,0,0,0,0,0
12,Faculty/Instructor,402878784,0,0,0,0,0,0,1,0
13,Faculty/Instructor,404360223,0,0,0,0,0,0,0,1
14,Faculty/Instructor,405628391,0,0,0,0,0,0,0,1
15,Faculty/Instructor,503159886,0,0,0,0,1,0,0,0
16,Faculty/Instructor,600472233,0,0,0,0,0,0,0,1
17,Faculty/Instructor,602870433,1,0,0,0,0,0,0,0
18,Faculty/Instructor,603429557,1,0,0,0,0,0,0,0
19,Faculty/Instructor,604591029,0,0,0,0,1,0,0,0
20,Faculty/Instructor,700519857,0,0,0,0,1,0,0,0
21,Faculty/Instructor,704493472,0,0,0,0,1,0,0,0
22,Faculty/Instructor,705656429,0,0,0,0,0,0,0,1
23,Faculty/Instructor,804945765,1,0,0,0,0,0,0,0
24,Faculty/Instructor,805267052,0,0,0,0,0,0,0,1
25,Faculty/Instructor,805268565,0,0,0,0,0,0,0,1
26,Faculty/Instructor,902525515,1,0,0,0,0,0,1,0
27,Faculty/Instructor,903322927,1,0,0,0,0,0,0,0
28,Faculty/Instructor,905224260,0,0,0,0,1,0,0,0
29,Graduate,003386297,1,0,0,0,0,0,1,0
30,Graduate,003488658,1,0,0,0,0,0,1,0
31,Graduate,003737993,1,0,0,0,0,0,0,0
32,Graduate,004212084,1,0,0,0,0,0,1,0
33,Graduate,004422261,0,0,0,0,0,0,0,1
34,Graduate,004483872,1,0,0,0,0,0,0,0
35,Graduate,004486955,1,0,0,0,0,0,0,0
36,Graduate,004515726,0,0,0,0,0,0,0,1
37,Graduate,004605487,1,0,0,0,0,0,0,0
38,Graduate,004616909,1,0,0,0,1,0,0,0
39,Graduate,004674466,0,0,0,0,0,0,1,0
40,Graduate,004776356,1,0,0,0,0,0,0,0
41,Graduate,0047763562,0,0,0,0,0,0,1,0
42,Graduate,004778063,0,0,0,0,0,0,0,1
43,Graduate,004854938,1,0,0,0,1,0,0,1
44,Graduate,004873531,0,0,0,0,0,0,0,1
45,Graduate,004943713,0,0,0,0,0,0,0,1
46,Graduate,004963466,0,0,0,0,0,0,0,1
47,Graduate,005025076,0,0,0,0,0,1,0,0
48,Graduate,005037338,0,0,0,1,0,0,0,0
49,Graduate,005220011,0,0,0,0,0,0,1,0
50,Graduate,005224603,0,0,0,0,0,0,1,0
51,Graduate,005226032,1,0,0,0,0,0,0,1
52,Graduate,005230053,0,0,0,0,0,0,0,1
53,Graduate,005253860,1,0,0,0,0,0,0,0
54,Graduate,005263656,1,0,0,0,1,0,0,0
55,Graduate,005267918,1,0,0,0,0,0,0,0
56,Graduate,005277521,0,0,0,0,0,0,1,0
57,Graduate,005279068,1,0,0,1,0,0,0,0
58,Graduate,005315820,0,0,0,0,0,0,1,0
59,Graduate,005322873,1,0,0,0,0,0,1,0
60,Graduate,005331938,1,0,0,1,0,0,0,1
61,Graduate,005351276,0,0,0,0,0,0,0,1
62,Graduate,005427375,1,0,0,0,0,0,0,0
63,Graduate,005427733,0,0,0,0,0,0,0,1
64,Graduate,005428723,0,0,0,1,0,0,0,0
65,Graduate,005429195,0,0,0,0,0,0,1,0
66,Graduate,005430387,0,0,0,0,0,1,0,0
67,Graduate,005436662,1,0,0,0,0,0,0,0
68,Graduate,005441951,1,0,0,0,0,0,1,0
69,Graduate,005466507,0,0,0,0,1,0,0,0
70,Graduate,005478039,1,0,0,0,1,0,0,0
71,Graduate,005478341,1,0,0,0,0,0,0,0
72,Graduate,005496533,0,0,0,0,0,0,1,0
73,Graduate,005524263,1,0,0,0,0,0,0,0
74,Graduate,005524786,0,0,0,0,0,0,0,1
75,Graduate,005527515,1,0,0,0,0,0,0,0
76,Graduate,005527577,0,0,0,0,0,1,0,0
77,Graduate,005628977,0,0,0,1,0,0,0,0
78,Graduate,005629482,1,0,0,0,1,0,0,0
79,Graduate,100562603,0,1,0,0,0,0,0,0
80,Graduate,103157262,1,0,0,1,1,0,0,0
81,Graduate,103816937,1,0,0,0,0,0,0,0
82,Graduate,103849419,1,0,0,0,0,0,0,0
83,Graduate,103909465,1,0,0,0,0,0,0,0
84,Graduate,104173218,0,0,0,0,1,0,0,0
85,Graduate,104490136,0,0,0,0,0,0,1,0
86,Graduate,104674239,1,0,0,0,0,0,0,0
87,Graduate,104685006,0,0,0,0,0,0,0,1
88,Graduate,104705561,0,0,0,0,0,0,1,0
89,Graduate,104722396,1,0,0,0,0,0,0,0
90,Graduate,104864748,1,0,0,0,0,0,0,0
91,Graduate,104865941,1,0,0,0,0,0,0,0
92,Graduate,104870216,1,0,0,0,0,0,0,0
93,Graduate,105037644,0,0,0,0,0,0,1,0
94,Graduate,105080072,1,0,0,0,0,0,0,0
95,Graduate,105092414,1,0,0,0,0,0,0,0
96,Graduate,105216971,1,0,0,0,0,0,0,0
97,Graduate,105227776,1,0,0,0,0,0,0,0
98,Graduate,105249226,1,0,0,0,0,0,0,0
99,Graduate,105262680,0,0,0,0,0,0,1,0
100,Graduate,105276149,0,0,0,0,1,0,0,0
101,Graduate,105294134,1,0,0,0,0,0,0,0
102,Graduate,105294332,0,0,0,0,0,0,0,1
103,Graduate,105331476,0,0,0,0,0,0,1,0
104,Graduate,105349264,1,0,0,0,0,0,0,0
105,Graduate,105430103,0,0,0,0,1,0,0,0
106,Graduate,105430400,0,0,1,0,0,0,0,0
107,Graduate,105432035,1,0,0,0,0,0,0,0
108,Graduate,105436727,1,0,0,0,0,0,1,0
109,Graduate,105442115,1,0,0,0,0,0,0,0
110,Graduate,105442752,0,1,0,0,0,0,0,0
111,Graduate,105457625,0,0,0,0,0,0,1,0
112,Graduate,105498800,0,0,0,0,0,1,0,0
113,Graduate,105507989,0,0,0,0,0,0,0,1
114,Graduate,105515239,0,0,0,0,0,1,0,1
115,Graduate,105524583,0,0,0,0,0,0,0,1
116,Graduate,105527195,0,0,0,0,0,0,0,1
117,Graduate,105527341,0,0,0,0,1,0,0,0
118,Graduate,105528406,1,0,0,0,0,0,0,0
119,Graduate,105636892,1,1,0,0,0,0,0,0
120,Graduate,105637863,1,1,0,0,0,0,0,0
121,Graduate,105649187,0,0,0,0,0,0,1,0
122,Graduate,105653283,1,0,0,0,0,0,1,0
123,Graduate,201532529,1,0,0,0,0,0,0,0
124,Graduate,203367839,1,0,0,0,0,0,0,0
125,Graduate,203831975,0,0,0,0,1,0,0,0
126,Graduate,204013880,1,0,0,0,0,0,0,0
127,Graduate,204138314,1,0,0,0,1,0,0,1
128,Graduate,204218457,0,0,0,0,0,1,0,0
129,Graduate,204280859,0,0,0,0,0,0,0,1
130,Graduate,204292131,1,0,0,0,0,0,0,0
131,Graduate,204381801,1,0,0,0,0,0,0,0
132,Graduate,204591578,0,0,0,0,0,0,1,0
133,Graduate,204608545,0,0,0,0,0,0,0,1
134,Graduate,204677020,1,0,0,0,0,0,0,0
135,Graduate,204684474,0,0,0,0,0,1,0,0
136,Graduate,204684997,0,0,0,0,0,1,0,0
137,Graduate,204737651,0,0,0,0,0,1,0,0
138,Graduate,204760397,0,0,0,0,0,0,0,1
139,Graduate,204786552,0,0,0,0,0,0,1,0
140,Graduate,204814767,1,0,0,1,0,0,0,0
141,Graduate,204961367,1,0,0,0,1,0,0,0
142,Graduate,205024368,0,0,0,0,0,0,1,0
143,Graduate,205046884,1,0,0,0,0,0,0,0
144,Graduate,205061412,0,0,0,0,0,0,1,0
145,Graduate,205080236,1,0,0,0,0,1,0,0
146,Graduate,205219200,0,0,0,0,1,0,0,0
147,Graduate,205225220,0,0,0,0,1,0,0,0
148,Graduate,205226408,0,0,0,0,0,0,0,1
149,Graduate,205233418,1,0,0,0,0,0,0,0
150,Graduate,205242069,1,0,0,0,0,0,0,0
151,Graduate,205278459,0,0,0,0,1,0,0,0
152,Graduate,205278713,1,0,0,0,0,0,0,0
153,Graduate,205279208,1,0,0,0,0,0,0,0
154,Graduate,205283521,1,0,0,0,0,0,0,0
155,Graduate,205288712,1,0,0,0,0,0,0,0
156,Graduate,205351874,1,0,0,0,0,0,0,0
157,Graduate,205353255,1,0,0,0,0,0,0,0
158,Graduate,205437444,1,0,0,0,0,0,0,0
159,Graduate,205478203,1,0,0,0,0,0,0,0
160,Graduate,205498611,1,0,0,0,0,0,0,0
161,Graduate,205526077,0,0,0,0,1,0,0,0
162,Graduate,205527374,1,0,0,0,0,0,0,0
163,Graduate,205529387,0,0,0,0,0,0,1,0
164,Graduate,205529491,1,0,0,0,0,0,0,0
165,Graduate,205627142,0,0,0,0,0,0,1,0
166,Graduate,205628504,1,0,0,0,0,0,0,0
167,Graduate,205632290,0,0,0,0,0,0,0,1
168,Graduate,205657327,1,0,0,0,1,0,0,0
169,Graduate,303493451,1,0,0,0,0,0,0,0
170,Graduate,303887325,1,1,0,0,0,0,0,0
171,Graduate,303942949,1,0,0,0,0,0,1,0
172,Graduate,303960896,1,0,0,0,0,0,0,0
173,Graduate,304138790,0,0,0,0,0,0,1,0
174,Graduate,304334545,1,0,0,1,0,0,0,0
175,Graduate,304387483,0,0,0,0,0,0,1,0
176,Graduate,304488199,1,1,0,0,0,0,0,0
177,Graduate,304538547,1,0,0,0,0,0,0,0
178,Graduate,304624352,1,0,0,0,0,0,0,0
179,Graduate,304667493,0,0,0,0,0,0,1,0
180,Graduate,304748927,1,0,0,0,0,0,0,1
181,Graduate,304775464,1,0,0,0,0,0,0,0
182,Graduate,304779768,1,0,0,0,0,0,0,0
183,Graduate,304865110,0,0,0,0,0,0,0,1
184,Graduate,304888121,1,0,0,0,0,0,0,0
185,Graduate,305028988,1,0,0,0,0,0,0,0
186,Graduate,305029011,0,0,0,0,0,0,0,1
187,Graduate,305180810,0,0,0,0,0,0,0,1
188,Graduate,305285874,1,0,0,0,0,0,0,0
189,Graduate,305315625,1,0,0,0,0,0,1,0
190,Graduate,305331908,1,0,0,0,0,0,0,0
191,Graduate,305350322,0,0,0,0,1,0,0,0
192,Graduate,305350930,0,0,0,0,1,0,0,0
193,Graduate,305351920,0,0,0,1,0,0,0,0
194,Graduate,305352335,1,0,0,0,0,0,0,0
195,Graduate,305353556,1,0,0,0,0,0,0,0
196,Graduate,305354080,0,0,0,0,0,0,0,1
197,Graduate,305430437,0,0,0,0,0,0,1,0
198,Graduate,305431559,0,0,0,0,0,0,0,1
199,Graduate,305434416,0,0,0,0,0,0,0,1
200,Graduate,305440101,1,0,0,0,0,0,0,0
201,Graduate,305442949,1,0,0,0,0,0,0,0
202,Graduate,305447621,1,0,0,0,0,0,0,0
203,Graduate,305478047,1,0,0,0,0,0,0,0
204,Graduate,305478354,1,0,0,0,0,0,0,0
205,Graduate,305523078,0,0,0,0,0,0,0,1
206,Graduate,305524332,1,0,0,0,0,0,0,0
207,Graduate,305527509,0,0,0,0,0,0,1,0
208,Graduate,305634953,1,0,0,1,0,0,0,0
209,Graduate,305639205,1,0,0,0,0,0,0,0
210,Graduate,305645763,0,1,0,0,0,0,0,0
211,Graduate,403995249,1,0,0,0,0,0,0,0
212,Graduate,404054841,1,0,0,0,0,0,0,0
213,Graduate,404196195,0,0,0,0,0,0,1,0
214,Graduate,404251771,1,0,0,0,0,0,0,0
215,Graduate,404443780,0,0,0,0,0,0,1,0
216,Graduate,404574139,1,0,0,0,0,0,0,0
217,Graduate,404590484,0,0,0,0,0,0,0,1
218,Graduate,404603330,0,0,0,0,0,0,1,0
219,Graduate,404734487,0,0,0,0,0,0,0,1
220,Graduate,404776910,1,0,0,0,0,0,1,0
221,Graduate,404856290,0,0,0,0,1,0,0,0
222,Graduate,405025098,0,0,0,0,0,0,1,0
223,Graduate,405037647,0,0,0,0,0,1,0,0
224,Graduate,405040334,1,0,0,0,0,0,0,0
225,Graduate,405080551,0,0,0,0,0,0,1,0
226,Graduate,405220641,1,0,0,0,0,0,0,0
227,Graduate,405227275,0,0,0,0,0,0,0,1
228,Graduate,405235063,0,0,0,0,0,0,0,1
229,Graduate,405301784,1,0,0,0,0,0,0,0
230,Graduate,405315111,0,0,0,0,0,0,1,0
231,Graduate,405348729,0,1,0,0,0,0,0,0
232,Graduate,405349106,1,0,0,0,0,0,0,0
233,Graduate,405351420,0,0,0,0,0,0,0,1
234,Graduate,405351585,0,0,0,1,0,0,0,0
235,Graduate,405352491,0,1,0,0,0,0,0,0
236,Graduate,405353235,1,0,0,0,1,0,0,0
237,Graduate,405353669,1,0,0,0,0,0,1,0
238,Graduate,405430823,1,0,0,0,0,0,0,0
239,Graduate,405431158,1,0,0,0,1,0,0,0
240,Graduate,405431568,0,0,0,1,0,0,0,0
241,Graduate,405439791,0,0,0,0,0,0,1,0
242,Graduate,405442623,1,0,0,0,0,0,0,0
243,Graduate,405448781,0,0,0,0,0,0,1,0
244,Graduate,405478042,1,0,0,0,0,0,0,0
245,Graduate,405498931,0,0,0,0,1,0,0,0
246,Graduate,405508746,0,0,0,1,0,0,0,0
247,Graduate,405515431,0,0,0,0,0,0,0,1
248,Graduate,405523129,1,0,0,0,0,0,0,1
249,Graduate,405524789,1,0,0,0,0,0,0,1
250,Graduate,405527090,1,0,0,0,0,0,0,0
251,Graduate,405527146,1,0,0,0,0,0,0,0
252,Graduate,405527311,0,0,0,0,0,0,1,0
253,Graduate,405529273,0,1,0,0,0,0,0,0
254,Graduate,405529904,1,0,0,0,0,0,1,0
255,Graduate,405529980,1,0,0,0,0,0,0,0
256,Graduate,405656591,1,0,0,0,0,0,0,0
257,Graduate,503700968,1,0,0,0,0,0,0,0
258,Graduate,503771772,1,0,0,0,0,0,0,0
259,Graduate,504267352,1,0,0,0,0,0,0,0
260,Graduate,504269916,0,0,0,1,0,0,0,0
261,Graduate,504331287,1,0,0,0,0,0,0,0
262,Graduate,504398777,1,1,0,0,0,0,0,0
263,Graduate,504476510,0,0,0,0,0,0,0,1
264,Graduate,5044944994,0,0,0,0,0,0,0,1
265,Graduate,504559464,1,0,0,0,0,0,0,0
266,Graduate,504586976,0,0,0,0,0,1,0,0
267,Graduate,504616836,1,0,0,0,0,0,0,0
268,Graduate,504751631,0,0,0,0,0,1,0,0
269,Graduate,504753102,0,0,0,0,0,0,1,0
270,Graduate,504759217,0,0,0,0,0,0,1,0
271,Graduate,504910729,0,0,0,0,0,1,0,0
272,Graduate,504944994,1,0,0,0,0,0,0,1
273,Graduate,504946196,0,0,0,0,0,0,1,0
274,Graduate,504954737,1,0,0,0,0,0,0,0
275,Graduate,505024003,0,0,0,0,0,1,0,0
276,Graduate,505026974,0,0,0,0,1,0,0,0
277,Graduate,505070924,1,0,0,0,0,0,0,0
278,Graduate,505076902,1,0,0,0,0,0,0,0
279,Graduate,505082837,0,0,0,0,1,0,0,0
280,Graduate,505119082,1,0,0,0,0,0,0,0
281,Graduate,505218464,0,0,0,0,0,0,0,1
282,Graduate,505221739,1,0,0,0,0,0,0,1
283,Graduate,505239522,1,0,0,0,0,0,0,0
284,Graduate,505266902,1,0,0,0,0,0,1,0
285,Graduate,505273629,0,0,1,0,0,0,0,0
286,Graduate,505278655,0,0,0,0,1,0,0,0
287,Graduate,505279259,0,1,0,0,0,0,0,0
288,Graduate,505322804,0,0,0,0,0,0,1,0
289,Graduate,505427274,0,0,0,0,0,0,0,1
290,Graduate,505437857,1,0,0,0,0,0,0,0
291,Graduate,505444438,1,0,0,0,0,0,1,0
292,Graduate,505448337,0,0,0,0,1,0,0,0
293,Graduate,505478796,1,0,0,0,0,0,0,0
294,Graduate,505524736,1,0,0,0,0,0,0,1
295,Graduate,505524851,0,0,0,0,0,0,0,1
296,Graduate,505628456,0,0,0,0,0,0,0,1
297,Graduate,505634985,1,0,0,0,0,0,0,0
298,Graduate,603829862,1,1,0,0,0,0,0,0
299,Graduate,604-559-915,1,0,0,0,0,0,0,0
300,Graduate,604021029,0,1,0,0,0,0,0,0
301,Graduate,604106617,0,0,0,0,1,0,0,0
302,Graduate,604160299,0,0,1,0,0,0,0,0
303,Graduate,604359921,0,0,0,0,0,0,0,1
304,Graduate,604688347,0,0,0,0,0,0,0,1
305,Graduate,604760606,0,0,0,0,1,0,0,0
306,Graduate,604866090,1,0,0,0,0,0,0,0
307,Graduate,605024045,0,0,1,0,0,0,0,0
308,Graduate,605034723,1,0,0,0,0,0,0,0
309,Graduate,605038245,1,0,0,0,0,0,0,0
310,Graduate,605043143,1,0,0,0,0,0,0,0
311,Graduate,605074889,1,1,0,0,0,0,0,0
312,Graduate,605226114,0,0,0,0,0,0,0,1
313,Graduate,605256931,0,0,0,0,0,0,0,1
314,Graduate,605315105,1,0,0,0,1,0,0,0
315,Graduate,605331474,1,0,0,0,0,0,0,0
316,Graduate,605352697,0,1,0,0,0,0,0,0
317,Graduate,605477881,1,0,0,0,0,0,0,0
318,Graduate,605478041,1,0,0,0,0,0,0,0
319,Graduate,605478296,1,0,0,0,0,0,0,0
320,Graduate,605488455,0,0,0,0,0,0,0,1
321,Graduate,605491575,1,0,0,0,0,0,0,0
322,Graduate,605524774,0,0,0,0,0,0,0,1
323,Graduate,605527112,1,0,0,1,0,0,0,0
324,Graduate,605527145,1,0,0,0,0,0,0,0
325,Graduate,605527268,1,0,0,0,0,0,0,0
326,Graduate,605527292,1,0,1,0,0,0,0,0
327,Graduate,605528625,1,0,0,0,0,0,0,0
328,Graduate,605628700,1,0,0,0,0,0,0,0
329,Graduate,605629422,0,0,0,0,0,0,0,1
330,Graduate,605629455,0,0,0,0,0,0,1,0
331,Graduate,605634353,0,0,0,0,0,0,1,0
332,Graduate,703291842,0,0,0,0,0,0,1,0
333,Graduate,703692793,1,0,0,0,0,0,0,0
334,Graduate,703742378,0,1,0,0,0,0,0,0
335,Graduate,704115065,0,0,0,0,1,0,0,0
336,Graduate,704264319,0,0,0,0,0,0,1,0
337,Graduate,704432638,1,0,0,0,0,0,0,1
338,Graduate,704488084,0,1,0,0,0,0,0,0
339,Graduate,704617934,1,0,0,0,1,0,0,0
340,Graduate,704714572,0,0,0,0,0,0,0,1
341,Graduate,704851385,1,0,0,0,0,1,0,0
342,Graduate,704857373,1,0,0,0,0,0,1,0
343,Graduate,704939251,1,0,1,0,0,0,0,0
344,Graduate,705-523-043,1,0,0,0,0,0,0,0
345,Graduate,705027920,1,0,0,0,0,0,1,0
346,Graduate,705037523,1,0,0,0,0,0,0,0
347,Graduate,705091421,1,0,0,0,0,0,0,0
348,Graduate,705225557,0,0,0,0,0,0,0,1
349,Graduate,705229348,1,0,0,0,0,0,0,0
350,Graduate,705234745,0,0,0,0,0,1,0,0
351,Graduate,705235537,0,0,0,0,0,1,0,0
352,Graduate,705269198,0,0,0,0,0,0,1,0
353,Graduate,705348921,1,0,0,0,0,0,0,1
354,Graduate,705350396,0,0,0,0,0,0,1,0
355,Graduate,705352606,1,0,0,0,0,0,0,0
356,Graduate,705428692,0,0,0,0,0,0,1,0
357,Graduate,705430416,0,0,0,0,1,0,0,0
358,Graduate,705443174,1,0,0,0,0,0,0,0
359,Graduate,705465335,1,0,0,0,0,0,0,0
360,Graduate,705522473,0,0,0,0,0,0,0,1
361,Graduate,70552983,1,0,0,1,0,0,0,0
362,Graduate,705542616,1,0,0,0,0,0,0,0
363,Graduate,705627210,0,0,0,0,0,0,1,0
364,Graduate,705628417,0,0,0,0,0,0,0,1
365,Graduate,705628436,0,0,0,0,0,0,0,1
366,Graduate,705637884,1,0,0,0,0,0,1,0
367,Graduate,705651525,0,0,0,0,0,0,1,0
368,Graduate,803609595,1,0,0,0,0,0,0,0
369,Graduate,803767085,0,0,0,1,0,0,0,0
370,Graduate,803787489,1,0,0,0,0,0,0,0
371,Graduate,804037581,0,0,0,0,0,1,0,0
372,Graduate,804156574,1,0,0,0,0,0,0,0
373,Graduate,804227500,1,0,0,0,1,0,0,0
374,Graduate,804432529,0,0,0,0,0,0,1,0
375,Graduate,804433086,1,0,0,0,0,0,0,0
376,Graduate,804519669,1,0,0,0,1,0,0,0
377,Graduate,804548704,1,0,0,0,0,0,0,0
378,Graduate,804590873,0,0,0,0,0,0,0,1
379,Graduate,804615618,1,0,0,0,0,0,1,0
380,Graduate,804699298,0,0,0,0,0,0,1,0
381,Graduate,804705770,1,0,0,0,0,0,0,1
382,Graduate,804776847,0,0,0,0,0,0,0,1
383,Graduate,804777620,0,1,0,0,0,0,0,0
384,Graduate,804875084,1,0,0,0,0,0,0,0
385,Graduate,805-428-738,1,0,0,0,0,0,0,0
386,Graduate,805027161,1,0,0,0,0,1,0,0
387,Graduate,805061414,0,0,0,0,0,0,1,0
388,Graduate,805218170,0,0,0,0,0,0,1,0
389,Graduate,805226113,0,0,0,0,0,0,0,1
390,Graduate,805226863,0,0,0,0,0,0,1,0
391,Graduate,805232312,1,0,0,0,0,0,0,0
392,Graduate,805322874,0,0,0,0,0,0,1,0
393,Graduate,805349864,0,1,0,0,0,0,0,0
394,Graduate,805353120,1,0,0,0,0,0,1,0
395,Graduate,805429356,0,1,0,0,0,0,0,0
396,Graduate,805430010,0,0,0,0,0,0,0,1
397,Graduate,805431444,1,0,0,0,0,0,0,0
398,Graduate,805433787,0,0,0,1,0,0,0,0
399,Graduate,805434051,1,0,0,0,0,0,1,0
400,Graduate,805434094,0,0,0,0,1,0,0,0
401,Graduate,805447322,1,0,0,0,0,0,0,0
402,Graduate,805488440,0,0,0,0,0,0,1,0
403,Graduate,805522509,1,0,0,0,0,0,0,0
404,Graduate,805524787,0,0,0,0,0,0,0,1
405,Graduate,805527314,1,0,0,0,0,0,1,0
406,Graduate,805527941,0,0,0,0,0,0,1,0
407,Graduate,805628501,1,1,0,0,0,0,0,0
408,Graduate,805629478,1,0,0,0,0,0,0,0
409,Graduate,805637077,1,0,0,1,0,0,0,0
410,Graduate,903670752,0,0,0,0,0,0,1,0
411,Graduate,903710791,0,0,0,0,1,0,0,0
412,Graduate,904062396,0,0,0,0,1,0,0,0
413,Graduate,904145151,0,0,0,0,0,1,0,0
414,Graduate,904174134,0,0,0,0,1,0,0,0
415,Graduate,904320475,1,0,0,0,0,0,0,0
416,Graduate,904363016,0,0,0,0,0,0,0,1
417,Graduate,904406290,0,0,0,0,0,0,0,1
418,Graduate,904504238,1,0,0,0,0,0,0,0
419,Graduate,904516509,0,0,0,0,0,1,0,0
420,Graduate,904558641,0,0,0,0,1,0,0,0
421,Graduate,904699226,0,0,0,0,0,0,1,0
422,Graduate,904760110,1,0,0,0,0,0,0,0
423,Graduate,904794445,1,0,0,0,0,0,0,0
424,Graduate,904864004,0,0,0,0,1,0,0,0
425,Graduate,904864928,0,0,0,0,0,0,0,1
426,Graduate,905026236,0,0,0,0,0,0,0,1
427,Graduate,905069457,0,0,0,0,0,1,0,0
428,Graduate,905079970,0,0,0,0,0,0,0,1
429,Graduate,905218221,0,0,0,0,0,0,0,1
430,Graduate,905224260,0,0,0,1,0,0,0,0
431,Graduate,905225716,1,0,0,0,0,0,1,0
432,Graduate,905236102,0,0,0,0,1,0,0,0
433,Graduate,905253506,1,0,0,0,0,0,0,0
434,Graduate,905278724,1,0,0,0,0,0,1,0
435,Graduate,905350376,0,0,0,0,0,0,1,0
436,Graduate,905350767,1,0,0,0,0,0,0,0
437,Graduate,905353209,0,0,0,0,1,0,0,0
438,Graduate,905353619,1,0,0,0,0,0,1,0
439,Graduate,905427544,0,1,0,0,0,0,0,0
440,Graduate,905428399,0,0,0,0,0,0,1,0
441,Graduate,905429817,0,0,0,0,0,0,0,1
442,Graduate,905455533,1,0,0,0,1,0,0,0
443,Graduate,905473075,0,0,0,0,0,0,1,0
444,Graduate,905478129,1,0,0,0,0,0,0,0
445,Graduate,905478346,1,0,0,0,0,0,0,0
446,Graduate,905625173,1,0,0,0,0,0,0,0
447,Graduate,905627445,1,0,0,0,0,0,0,0
448,Graduate,905628548,1,0,0,0,0,0,0,0
449,Staff,002620239,0,0,0,0,0,0,1,0
450,Staff,003614708,0,0,0,0,0,1,0,0
451,Staff,100650831,0,0,0,0,0,1,0,0
452,Staff,103138711,0,0,0,0,0,0,1,0
453,Staff,105470033,0,0,0,0,0,0,1,0
454,Staff,202813779,0,0,0,0,0,1,0,0
455,Staff,205651863,0,0,0,0,0,0,1,0
456,Staff,304217669,0,0,0,0,0,0,1,0
457,Staff,600739609,0,0,0,0,0,1,0,0
458,Staff,604014646,0,0,0,0,0,0,1,0
459,Undergraduate,004718130,0,0,1,0,0,0,0,0
460,Undergraduate,004823065,0,0,0,0,0,0,1,0
461,Undergraduate,004830909,1,0,0,0,0,0,0,0
462,Undergraduate,004919732,0,0,0,0,0,1,0,0
463,Undergraduate,004931833,0,0,0,0,1,0,0,0
464,Undergraduate,004964611,1,0,0,0,0,0,0,0
465,Undergraduate,004980220,1,0,0,0,0,0,0,0
466,Undergraduate,004991619,1,0,0,0,0,0,0,0
467,Undergraduate,005-485-723,1,0,0,1,0,0,0,0
468,Undergraduate,005002800,0,0,1,0,0,0,0,0
469,Undergraduate,005010206,1,0,0,0,0,0,0,0
470,Undergraduate,005013276,1,1,0,0,0,0,0,0
471,Undergraduate,005018033,1,0,0,0,0,0,0,0
472,Undergraduate,005095658,1,0,0,0,0,0,0,0
473,Undergraduate,005096040,1,0,0,0,0,0,0,0
474,Undergraduate,005103597,1,0,0,0,0,0,0,0
475,Undergraduate,005136507,0,0,0,0,0,0,1,0
476,Undergraduate,005138120,0,0,1,0,0,0,0,0
477,Undergraduate,005141537,1,0,0,1,0,0,0,0
478,Undergraduate,005160984,1,0,0,0,0,0,0,0
479,Undergraduate,005175711,1,0,0,0,0,0,0,0
480,Undergraduate,005196073,1,0,0,0,0,0,0,0
481,Undergraduate,005305656,0,0,1,0,0,0,0,0
482,Undergraduate,005320100,1,0,0,0,0,0,0,0
483,Undergraduate,005322137,1,0,0,0,0,0,0,0
484,Undergraduate,005335597,1,0,0,0,0,0,0,0
485,Undergraduate,005341490,1,0,0,1,0,0,0,0
486,Undergraduate,005346586,1,0,0,0,0,0,0,0
487,Undergraduate,005360134,0,0,0,1,0,0,0,0
488,Undergraduate,005362133,1,0,0,1,0,0,0,0
489,Undergraduate,005363024,1,0,0,1,0,0,0,0
490,Undergraduate,005365396,1,0,0,0,0,0,0,0
491,Undergraduate,005366659,1,0,0,1,0,0,0,0
492,Undergraduate,005367418,0,0,0,1,0,0,0,0
493,Undergraduate,005367753,1,0,0,1,0,0,0,0
494,Undergraduate,005367847,1,0,0,0,0,0,0,0
495,Undergraduate,005368615,0,0,1,0,0,0,0,0
496,Undergraduate,005371934,1,0,0,0,0,0,0,0
497,Undergraduate,005393238,1,0,0,0,0,0,1,0
498,Undergraduate,005403794,0,0,0,0,0,0,0,1
499,Undergraduate,005405482,1,1,0,0,0,0,0,0
500,Undergraduate,005495171,0,0,0,0,0,0,1,0
501,Undergraduate,005520571,1,0,0,0,0,0,0,0
502,Undergraduate,005547288,1,0,0,0,0,0,0,0
503,Undergraduate,005548476,1,0,1,0,0,0,0,0
504,Undergraduate,005553123,1,0,0,0,0,0,0,0
505,Undergraduate,005555400,0,0,0,0,0,0,1,0
506,Undergraduate,005566540,1,0,0,0,0,0,0,0
507,Undergraduate,005588759,1,0,0,0,0,0,0,0
508,Undergraduate,005598560,0,1,0,0,0,0,0,0
509,Undergraduate,00959950,1,0,0,0,0,0,0,0
510,Undergraduate,104794072,0,0,0,1,0,0,0,0
511,Undergraduate,104902910,1,0,0,0,0,0,0,0
512,Undergraduate,104906772,1,0,0,0,0,0,0,0
513,Undergraduate,104913838,1,0,0,0,1,0,0,0
514,Undergraduate,104921602,0,0,1,0,0,0,0,0
515,Undergraduate,104922300,0,0,0,1,0,0,0,0
516,Undergraduate,104928279,1,0,0,0,0,0,0,0
517,Undergraduate,104960603,0,1,0,0,0,0,0,0
518,Undergraduate,104965139,1,0,0,0,0,0,0,0
519,Undergraduate,104985793,0,0,1,0,0,0,0,0
520,Undergraduate,105-346-878,1,1,0,0,0,0,0,0
521,Undergraduate,105-517-182,0,0,0,1,0,0,0,0
522,Undergraduate,105-541-988,0,0,0,1,0,0,0,0
523,Undergraduate,105-550-355,1,0,1,0,0,0,0,0
524,Undergraduate,105011578,1,0,0,0,0,0,0,0
525,Undergraduate,105012653,1,0,0,0,0,0,0,0
526,Undergraduate,105030992,1,0,0,0,0,0,0,0
527,Undergraduate,105065533,1,0,0,0,0,0,0,0
528,Undergraduate,105073825,1,0,0,1,0,0,0,0
529,Undergraduate,105088780,1,0,0,0,0,0,0,0
530,Undergraduate,105089299,1,0,0,0,0,0,0,0
531,Undergraduate,105096959,1,0,0,0,0,0,0,0
532,Undergraduate,105105157,1,0,0,0,0,0,0,0
533,Undergraduate,105107774,1,0,0,0,0,0,0,0
534,Undergraduate,105113666,1,0,0,0,0,0,0,0
535,Undergraduate,105124405,1,0,0,0,0,0,0,0
536,Undergraduate,105129525,1,0,0,0,0,0,0,0
537,Undergraduate,105132721,1,0,0,0,0,0,0,0
538,Undergraduate,105132976,1,0,0,0,0,0,0,0
539,Undergraduate,105137196,1,0,0,0,0,0,0,0
540,Undergraduate,105140679,0,0,0,1,0,0,0,0
541,Undergraduate,105142065,0,0,0,0,0,0,1,0
542,Undergraduate,105163227,0,0,0,1,0,0,0,0
543,Undergraduate,105164991,1,0,0,0,0,0,0,0
544,Undergraduate,105169578,1,0,0,0,0,0,0,0
545,Undergraduate,105169724,1,0,0,0,0,0,0,0
546,Undergraduate,105178002,0,1,0,0,0,0,0,0
547,Undergraduate,105204039,1,0,0,0,0,0,0,0
548,Undergraduate,105217579,1,0,0,0,0,0,0,0
549,Undergraduate,105269417,0,0,1,0,0,0,0,0
550,Undergraduate,105287572,0,0,1,0,0,0,0,0
551,Undergraduate,105300644,1,0,0,0,0,0,0,0
552,Undergraduate,105301262,0,0,1,0,0,0,0,0
553,Undergraduate,105336365,1,0,0,1,0,0,0,0
554,Undergraduate,105356476,0,0,1,0,0,0,0,0
555,Undergraduate,105358593,1,0,0,0,0,0,0,0
556,Undergraduate,105362948,1,0,0,0,0,0,0,0
557,Undergraduate,105369049,0,1,0,0,0,0,0,0
558,Undergraduate,105382786,0,0,1,0,0,0,0,0
559,Undergraduate,105390376,1,0,0,0,0,0,0,0
560,Undergraduate,105396726,1,0,1,0,0,0,0,0
561,Undergraduate,105397815,0,0,0,0,0,0,1,0
562,Undergraduate,105401544,1,0,0,1,0,0,0,0
563,Undergraduate,105407447,0,1,0,0,0,0,0,0
564,Undergraduate,105511000,1,0,0,0,0,0,0,0
565,Undergraduate,105541040,0,0,0,0,1,0,0,0
566,Undergraduate,105541064,0,0,0,1,0,0,0,0
567,Undergraduate,105541196,1,0,1,0,0,0,0,0
568,Undergraduate,105554565,1,0,0,0,0,0,0,0
569,Undergraduate,105559855,1,0,0,1,0,0,0,0
570,Undergraduate,105563112,1,0,0,1,0,0,0,0
571,Undergraduate,105584553,1,0,0,0,0,0,0,0
572,Undergraduate,105585816,1,0,1,0,0,0,0,0
573,Undergraduate,105591308,0,0,0,1,0,0,0,0
574,Undergraduate,105600925,0,0,0,1,0,0,0,0
575,Undergraduate,200640304,1,0,1,0,0,0,0,0
576,Undergraduate,204643191,0,1,0,0,0,0,0,0
577,Undergraduate,204750162,0,0,1,0,0,0,0,0
578,Undergraduate,204787085,1,0,0,0,0,0,0,0
579,Undergraduate,204886919,1,0,0,0,0,0,0,0
580,Undergraduate,204901496,1,0,0,0,0,0,0,0
581,Undergraduate,204910599,0,0,1,0,0,0,0,0
582,Undergraduate,204913970,1,0,0,1,0,0,0,0
583,Undergraduate,204979616,1,0,0,0,0,0,0,0
584,Undergraduate,204990483,1,0,0,0,0,0,1,0
585,Undergraduate,204994867,0,0,1,0,0,0,0,0
586,Undergraduate,204999365,1,0,0,0,0,0,0,0
587,Undergraduate,205-550-473,1,0,0,0,0,0,0,0
588,Undergraduate,205-559-949,0,0,1,0,0,0,0,0
589,Undergraduate,205000353,1,0,0,0,0,0,0,0
590,Undergraduate,205002601,1,0,0,0,0,0,0,0
591,Undergraduate,205013416,1,0,0,0,0,0,0,0
592,Undergraduate,205087445,0,0,0,0,0,0,1,0
593,Undergraduate,205108235,1,0,0,0,0,0,0,0
594,Undergraduate,205110196,1,0,0,0,0,0,0,0
595,Undergraduate,205116315,0,1,0,0,0,0,0,0
596,Undergraduate,205139675,0,0,0,1,0,0,0,0
597,Undergraduate,205153223,0,1,0,0,0,0,0,0
598,Undergraduate,205161911,0,0,1,0,0,0,0,0
599,Undergraduate,205167507,0,0,0,1,0,0,0,0
600,Undergraduate,205174353,0,0,0,0,0,0,0,0
601,Undergraduate,205179614,1,0,0,1,0,0,0,0
602,Undergraduate,205188576,0,0,1,0,0,0,0,0
603,Undergraduate,205196562,1,0,0,0,0,0,0,0
604,Undergraduate,205202695,1,0,0,0,0,0,0,0
605,Undergraduate,205209437,0,1,0,0,0,0,0,0
606,Undergraduate,205269412,0,1,0,0,0,0,0,0
607,Undergraduate,205281211,1,0,0,0,0,0,0,0
608,Undergraduate,205287859,1,0,0,0,0,0,0,0
609,Undergraduate,205310954,1,0,0,0,0,0,0,0
610,Undergraduate,205339467,1,0,1,0,0,0,0,0
611,Undergraduate,205341738,1,0,0,0,0,0,0,0
612,Undergraduate,205359281,0,0,0,0,0,0,1,0
613,Undergraduate,205367691,1,0,0,0,0,0,0,0
614,Undergraduate,205368346,1,0,0,0,0,0,0,0
615,Undergraduate,205382470,1,0,0,0,0,0,0,0
616,Undergraduate,205403222,1,0,0,0,0,0,0,0
617,Undergraduate,20541415,1,0,0,0,0,0,0,0
618,Undergraduate,205498121,0,0,0,1,0,0,0,0
619,Undergraduate,205506550,1,0,0,0,0,0,0,0
620,Undergraduate,205510887,1,0,0,0,0,0,0,0
621,Undergraduate,205516926,1,0,0,1,0,0,0,0
622,Undergraduate,205517596,1,0,0,0,0,0,0,0
623,Undergraduate,205522282,1,0,0,0,0,0,0,0
624,Undergraduate,205534911,1,0,0,1,0,0,0,0
625,Undergraduate,205542459,1,0,0,0,0,0,0,0
626,Undergraduate,205547701,0,0,0,0,0,0,1,0
627,Undergraduate,205551608,0,0,0,1,0,0,0,0
628,Undergraduate,205557733,1,0,1,0,0,0,0,0
629,Undergraduate,205561867,1,0,0,0,0,0,0,0
630,Undergraduate,205600190,1,0,0,1,0,0,0,0
631,Undergraduate,205609789,1,0,0,0,0,0,0,0
632,Undergraduate,303998253,1,0,0,0,0,0,0,0
633,Undergraduate,304764960,0,0,0,0,0,0,1,0
634,Undergraduate,304808025,1,0,1,0,0,0,0,0
635,Undergraduate,304913248,1,0,0,0,0,0,0,0
636,Undergraduate,304926613,0,0,1,0,0,0,0,0
637,Undergraduate,304927052,1,0,0,0,0,0,0,0
638,Undergraduate,304933246,0,0,1,0,0,0,0,0
639,Undergraduate,304964898,1,0,0,0,0,0,0,0
640,Undergraduate,304966524,1,0,0,0,0,0,1,0
641,Undergraduate,304967547,1,0,0,0,0,0,0,0
642,Undergraduate,304968207,1,0,0,0,0,0,1,0
643,Undergraduate,304979692,1,0,0,0,0,0,0,0
644,Undergraduate,304980054,1,0,0,0,0,0,0,0
645,Undergraduate,304980855,1,0,0,0,0,0,0,0
646,Undergraduate,304981850,1,0,0,0,0,0,0,0
647,Undergraduate,304982430,1,0,0,0,0,0,0,0
648,Undergraduate,304983934,1,0,0,0,0,0,1,0
649,Undergraduate,304992575,1,0,0,0,0,0,0,0
650,Undergraduate,305-556-224,0,0,1,0,0,0,0,0
651,Undergraduate,305001088,1,0,0,0,0,0,0,0
652,Undergraduate,305014533,1,0,0,0,0,0,0,0
653,Undergraduate,305022972,0,0,0,1,0,0,0,0
654,Undergraduate,305064052,1,0,0,0,0,0,0,0
655,Undergraduate,305083201,1,0,0,0,0,0,0,0
656,Undergraduate,305086879,1,0,0,0,0,0,0,0
657,Undergraduate,305095402,1,0,0,0,0,0,0,0
658,Undergraduate,305134696,1,0,0,0,0,0,0,0
659,Undergraduate,305136704,1,0,0,0,0,0,0,0
660,Undergraduate,305151836,1,0,0,0,0,0,0,0
661,Undergraduate,305164080,1,0,0,0,0,0,0,0
662,Undergraduate,305179048,1,0,0,0,0,0,0,0
663,Undergraduate,305185959,0,0,0,1,0,0,0,0
664,Undergraduate,305190098,1,0,0,1,0,0,0,0
665,Undergraduate,305202647,1,0,0,0,0,0,0,0
666,Undergraduate,305205472,1,0,0,0,0,0,1,0
667,Undergraduate,305215027,1,0,0,0,0,0,0,0
668,Undergraduate,305290229,1,0,0,0,0,0,0,0
669,Undergraduate,305296491,0,0,1,0,0,0,0,0
670,Undergraduate,305297730,0,0,1,0,0,0,0,0
671,Undergraduate,305304938,1,0,0,0,0,0,0,0
672,Undergraduate,305313650,1,0,0,0,0,0,0,0
673,Undergraduate,305346052,0,0,0,0,0,1,0,0
674,Undergraduate,305347457,1,0,0,0,0,0,0,0
675,Undergraduate,305359346,0,0,1,0,0,0,0,0
676,Undergraduate,305368176,1,0,0,0,0,0,0,0
677,Undergraduate,305370966,1,0,0,0,0,0,0,0
678,Undergraduate,305392384,1,0,0,0,0,0,0,0
679,Undergraduate,305411028,1,0,0,1,0,0,0,0
680,Undergraduate,305417252,1,0,0,0,0,0,0,0
681,Undergraduate,305480451,1,0,0,0,0,0,0,0
682,Undergraduate,305484411,0,1,0,0,0,0,0,0
683,Undergraduate,305497277,0,0,0,0,1,0,0,0
684,Undergraduate,305519745,0,0,1,0,0,0,0,0
685,Undergraduate,305522248,1,0,0,1,0,0,0,0
686,Undergraduate,305522253,1,0,0,0,0,0,0,0
687,Undergraduate,305548168,1,0,1,0,0,0,0,0
688,Undergraduate,305551877,1,0,0,0,0,0,0,0
689,Undergraduate,305556262,0,1,0,0,0,0,0,0
690,Undergraduate,305559656,1,0,0,0,0,0,0,0
691,Undergraduate,305570951,1,0,0,1,0,0,0,0
692,Undergraduate,305572455,0,0,1,0,0,0,0,0
693,Undergraduate,305575717,1,0,0,0,0,0,0,0
694,Undergraduate,305584397,1,0,0,1,0,0,0,0
695,Undergraduate,305612885,0,0,0,0,0,0,1,0
696,Undergraduate,305625524,1,0,0,0,0,0,0,0
697,Undergraduate,4047664833,1,0,0,0,0,0,0,0
698,Undergraduate,404791798,1,1,0,0,0,0,0,0
699,Undergraduate,404899893,1,0,0,0,0,0,0,0
700,Undergraduate,404906431,0,0,0,0,0,0,1,0
701,Undergraduate,404907567,1,0,0,0,0,0,0,0
702,Undergraduate,404925335,0,0,1,0,0,0,0,0
703,Undergraduate,404927928,1,0,0,0,0,0,0,0
704,Undergraduate,404977348,1,0,0,0,0,0,0,0
705,Undergraduate,404984810,1,0,1,0,0,0,0,0
706,Undergraduate,404990830,1,0,0,0,0,0,0,0
707,Undergraduate,404991702,1,0,0,0,0,0,0,0
708,Undergraduate,404993466,1,0,0,0,0,0,0,0
709,Undergraduate,405-541-029,1,1,0,0,0,0,0,0
710,Undergraduate,405-552-517,1,0,0,0,0,0,0,0
711,Undergraduate,405-588-168,1,0,0,0,0,0,0,0
712,Undergraduate,405014976,1,0,0,0,0,0,0,0
713,Undergraduate,405088496,1,0,0,0,0,0,0,0
714,Undergraduate,405090531,0,0,0,0,0,0,1,0
715,Undergraduate,405098527,1,0,0,0,0,0,0,0
716,Undergraduate,405105467,0,0,1,0,0,0,0,0
717,Undergraduate,405133413,0,0,0,0,0,1,0,0
718,Undergraduate,405138585,0,0,1,0,0,0,0,0
719,Undergraduate,405146203,1,0,0,0,0,0,0,0
720,Undergraduate,405150351,0,0,1,0,0,0,0,0
721,Undergraduate,405152345,1,0,0,0,0,0,0,0
722,Undergraduate,405162957,1,0,0,0,0,0,1,0
723,Undergraduate,405165852,1,0,0,0,0,0,0,0
724,Undergraduate,405179081,1,0,0,0,0,0,0,0
725,Undergraduate,405179651,1,0,0,0,0,0,0,0
726,Undergraduate,405183097,1,0,0,0,0,0,0,0
727,Undergraduate,405195972,1,0,0,0,0,0,0,0
728,Undergraduate,405198881,1,0,0,0,0,0,1,0
729,Undergraduate,405298692,1,0,0,0,0,0,0,0
730,Undergraduate,405310646,1,0,0,0,0,0,0,0
731,Undergraduate,405319152,0,0,1,0,0,0,0,0
732,Undergraduate,405334421,1,0,0,0,0,0,0,0
733,Undergraduate,405336651,1,0,1,0,0,0,0,0
734,Undergraduate,405346909,1,1,0,0,0,0,0,0
735,Undergraduate,405356818,1,0,0,1,0,0,0,0
736,Undergraduate,405357097,1,1,0,0,0,0,0,0
737,Undergraduate,405362503,1,0,0,0,0,0,1,0
738,Undergraduate,405363343,0,0,1,0,0,0,0,0
739,Undergraduate,405406540,1,0,0,0,0,0,0,0
740,Undergraduate,405433044,0,0,1,0,0,0,0,0
741,Undergraduate,405507563,0,0,0,0,0,0,1,0
742,Undergraduate,405507822,0,0,0,1,0,0,0,0
743,Undergraduate,405544136,1,0,0,0,0,0,0,0
744,Undergraduate,405545598,1,0,0,0,0,0,0,0
745,Undergraduate,405546395,1,0,0,1,0,0,0,0
746,Undergraduate,405547917,1,0,0,0,0,0,0,0
747,Undergraduate,405556822,0,1,0,0,0,0,0,0
748,Undergraduate,405557529,1,0,1,0,0,0,0,0
749,Undergraduate,405567632,0,0,1,0,0,0,0,0
750,Undergraduate,405574345,1,0,0,0,0,0,0,0
751,Undergraduate,405604272,1,0,0,0,0,0,0,0
752,Undergraduate,405607077,1,0,0,0,0,0,0,0
753,Undergraduate,504-955-204,1,0,1,0,0,0,0,0
754,Undergraduate,504745881,1,0,0,0,0,0,0,0
755,Undergraduate,504829456,1,0,0,0,0,0,0,0
756,Undergraduate,504900382,1,0,0,0,0,0,0,0
757,Undergraduate,504908236,1,0,0,1,0,0,0,0
758,Undergraduate,504909165,1,0,0,0,0,0,0,0
759,Undergraduate,504910569,1,0,0,0,0,0,0,0
760,Undergraduate,504919777,0,0,1,0,0,0,0,0
761,Undergraduate,504924024,1,0,0,0,0,0,0,0
762,Undergraduate,504927089,1,0,0,0,0,0,0,0
763,Undergraduate,504929451,0,0,0,1,0,0,0,0
764,Undergraduate,504962718,1,0,0,0,0,0,0,0
765,Undergraduate,504964388,1,0,0,1,0,0,0,0
766,Undergraduate,504964798,1,0,0,0,0,0,0,0
767,Undergraduate,504967004,0,0,1,0,0,0,0,0
768,Undergraduate,504967301,1,0,0,0,0,0,0,0
769,Undergraduate,504970563,0,0,1,0,0,0,0,0
770,Undergraduate,504971633,1,0,0,0,0,0,0,0
771,Undergraduate,504982957,1,0,0,0,0,0,0,0
772,Undergraduate,505-555-855,0,0,1,0,0,0,0,0
773,Undergraduate,505-602-965,0,0,0,1,0,0,0,0
774,Undergraduate,505000276,0,0,1,0,0,0,0,0
775,Undergraduate,505008965,1,0,0,0,0,0,0,0
776,Undergraduate,505015414,1,0,0,0,0,0,0,0
777,Undergraduate,505017154,1,0,0,0,0,0,0,0
778,Undergraduate,505023254,0,0,1,0,0,0,0,0
779,Undergraduate,505081102,0,0,1,0,0,0,0,0
780,Undergraduate,505092997,1,0,0,0,0,0,0,0
781,Undergraduate,505124149,1,0,0,0,0,0,0,0
782,Undergraduate,505128557,1,0,0,0,0,0,0,0
783,Undergraduate,505130452,0,0,1,0,0,0,0,0
784,Undergraduate,505131437,1,1,0,0,0,0,0,0
785,Undergraduate,505133629,1,0,0,0,0,0,0,0
786,Undergraduate,505164988,1,0,0,0,0,0,0,0
787,Undergraduate,505193859,1,0,0,0,0,0,0,0
788,Undergraduate,505195716,1,0,0,0,0,1,0,0
789,Undergraduate,505212645,1,0,0,1,0,0,0,0
790,Undergraduate,505233110,1,0,0,0,0,0,1,0
791,Undergraduate,505291713,1,0,0,0,0,0,0,0
792,Undergraduate,505306007,1,0,0,0,0,0,0,0
793,Undergraduate,505314502,0,0,1,0,0,0,0,0
794,Undergraduate,505319477,0,0,0,1,0,0,0,0
795,Undergraduate,505325869,1,0,0,0,0,0,0,0
796,Undergraduate,505358567,0,0,0,1,0,0,0,0
797,Undergraduate,505359487,0,0,1,0,0,0,0,0
798,Undergraduate,505363903,1,0,1,0,0,0,0,0
799,Undergraduate,505364200,1,1,0,0,0,0,0,0
800,Undergraduate,505371583,0,0,1,0,0,0,0,0
801,Undergraduate,505382299,1,0,0,0,0,0,0,0
802,Undergraduate,505399134,0,0,1,0,0,0,0,0
803,Undergraduate,505399394,0,0,0,1,0,0,0,0
804,Undergraduate,505400646,1,0,0,0,0,0,0,0
805,Undergraduate,505415469,0,0,0,1,0,0,0,0
806,Undergraduate,505449884,1,0,0,1,0,0,0,0
807,Undergraduate,505487932,1,0,0,0,0,0,0,0
808,Undergraduate,505500698,1,0,0,1,0,0,0,0
809,Undergraduate,505503277,1,0,0,0,0,0,0,0
810,Undergraduate,505514902,1,0,0,0,0,0,0,0
811,Undergraduate,505535457,1,0,0,0,0,0,0,0
812,Undergraduate,505541514,1,1,0,0,0,0,0,0
813,Undergraduate,505543631,0,1,0,0,0,0,0,0
814,Undergraduate,505545965,1,0,0,0,0,0,0,0
815,Undergraduate,505547511,0,0,1,0,0,0,0,0
816,Undergraduate,505552003,0,0,0,0,0,0,1,0
817,Undergraduate,505552135,1,0,0,0,0,0,0,0
818,Undergraduate,505557369,1,0,0,0,0,0,0,0
819,Undergraduate,505558175,0,0,1,0,0,0,0,0
820,Undergraduate,505559684,1,0,0,0,0,0,0,0
821,Undergraduate,505561521,1,0,0,0,0,0,1,0
822,Undergraduate,505609071,0,0,0,1,0,0,0,0
823,Undergraduate,602689589,0,0,0,1,0,0,0,0
824,Undergraduate,604621743,1,0,0,1,0,0,0,0
825,Undergraduate,604798812,1,0,0,0,0,0,0,0
826,Undergraduate,604800344,0,1,0,0,0,0,0,0
827,Undergraduate,604855341,0,0,1,0,0,0,0,0
828,Undergraduate,604900720,1,0,0,0,0,0,0,0
829,Undergraduate,604902366,1,0,0,0,0,0,0,0
830,Undergraduate,604906840,1,0,0,0,0,0,0,0
831,Undergraduate,604908580,0,0,1,0,0,0,0,0
832,Undergraduate,604924207,0,0,0,1,0,0,0,0
833,Undergraduate,604931284,1,0,0,0,0,0,0,0
834,Undergraduate,604931967,1,0,0,0,0,0,0,0
835,Undergraduate,604940660,1,0,0,0,0,0,0,0
836,Undergraduate,604962237,1,0,0,0,0,1,0,0
837,Undergraduate,604980627,1,0,1,0,0,0,0,0
838,Undergraduate,605-578-502,1,0,0,1,0,0,0,0
839,Undergraduate,605011646,0,0,1,0,0,0,0,0
840,Undergraduate,605102651,1,0,1,0,0,0,0,0
841,Undergraduate,605111716,1,0,0,0,0,0,0,1
842,Undergraduate,605125898,1,0,0,0,0,0,0,0
843,Undergraduate,605141619,1,0,0,0,0,0,0,0
844,Undergraduate,605182983,0,0,1,0,0,0,0,0
845,Undergraduate,605193284,1,0,0,0,0,0,0,0
846,Undergraduate,605195792,0,0,0,1,0,0,0,0
847,Undergraduate,605213357,1,0,0,1,0,0,0,0
848,Undergraduate,605258529,1,0,0,0,0,0,0,0
849,Undergraduate,605298243,0,0,0,0,0,1,0,0
850,Undergraduate,605302607,0,0,1,0,0,0,0,0
851,Undergraduate,605306785,1,0,0,0,0,0,0,0
852,Undergraduate,605313875,1,0,0,0,0,0,0,0
853,Undergraduate,605329433,0,0,1,0,0,0,0,0
854,Undergraduate,605342496,1,0,0,0,0,0,0,0
855,Undergraduate,605346442,0,0,1,0,0,0,0,0
856,Undergraduate,605346772,0,0,1,0,0,0,0,0
857,Undergraduate,605358816,0,0,1,0,0,0,0,0
858,Undergraduate,605361263,0,0,1,0,0,0,0,0
859,Undergraduate,605363832,1,0,1,0,0,0,0,0
860,Undergraduate,605367076,0,0,0,1,0,0,0,0
861,Undergraduate,605367284,1,0,0,0,0,0,0,0
862,Undergraduate,605384429,1,0,0,0,0,0,0,0
863,Undergraduate,605385749,1,0,0,0,0,0,0,0
864,Undergraduate,605392052,0,0,0,0,0,0,1,0
865,Undergraduate,605481067,0,1,0,0,0,0,0,0
866,Undergraduate,605504714,0,0,0,1,0,0,0,0
867,Undergraduate,605507128,1,0,0,1,0,0,0,0
868,Undergraduate,605522082,0,0,0,1,0,0,0,0
869,Undergraduate,605532745,0,1,0,0,0,0,0,0
870,Undergraduate,605543923,0,0,0,1,0,0,0,0
871,Undergraduate,605544545,0,0,0,1,0,0,0,0
872,Undergraduate,605550353,1,0,0,1,0,0,0,0
873,Undergraduate,605557420,1,0,0,1,0,0,0,0
874,Undergraduate,605557444,1,0,0,0,0,0,1,0
875,Undergraduate,605559551,1,0,1,0,0,0,0,0
876,Undergraduate,605589162,1,0,0,0,0,0,0,0
877,Undergraduate,605594639,0,1,0,0,0,0,0,0
878,Undergraduate,605603417,1,0,0,0,0,0,0,0
879,Undergraduate,605605954,1,0,0,0,0,0,0,0
880,Undergraduate,605651205,0,0,0,0,0,0,1,0
881,Undergraduate,703805460,0,0,0,1,0,0,0,0
882,Undergraduate,704675127,1,0,0,0,0,0,0,0
883,Undergraduate,704793475,1,0,0,0,0,0,0,0
884,Undergraduate,704800126,1,0,0,0,0,0,0,0
885,Undergraduate,704820394,1,0,0,0,0,0,0,0
886,Undergraduate,704901248,1,0,0,0,0,0,0,0
887,Undergraduate,704904478,1,0,0,0,0,0,0,0
888,Undergraduate,704918197,1,0,0,0,0,0,0,0
889,Undergraduate,704919291,0,0,1,0,0,0,0,0
890,Undergraduate,704924264,1,0,0,0,0,0,0,0
891,Undergraduate,704926135,1,0,0,0,0,0,0,0
892,Undergraduate,704937167,1,0,0,0,0,0,0,0
893,Undergraduate,704974032,1,0,0,0,0,0,0,0
894,Undergraduate,705-554-534,1,0,0,1,0,0,0,0
895,Undergraduate,705-581-033,1,0,0,0,0,0,0,0
896,Undergraduate,705002873,1,1,0,0,0,0,0,0
897,Undergraduate,705003863,0,0,0,0,0,0,1,0
898,Undergraduate,705011306,0,0,0,1,0,0,0,0
899,Undergraduate,705113178,1,0,0,0,0,0,0,0
900,Undergraduate,705114516,1,0,0,0,0,0,0,0
901,Undergraduate,705114682,1,0,0,0,0,0,0,0
902,Undergraduate,705116742,1,0,0,0,0,0,0,0
903,Undergraduate,705132624,1,0,0,0,0,0,0,0
904,Undergraduate,705136453,1,0,0,0,0,0,0,0
905,Undergraduate,705142736,1,0,0,0,0,0,0,0
906,Undergraduate,705153225,1,0,0,0,0,0,0,0
907,Undergraduate,705158794,1,0,0,0,0,0,0,0
908,Undergraduate,705185066,1,0,0,0,0,0,0,0
909,Undergraduate,705191487,0,0,0,1,0,0,0,0
910,Undergraduate,705207228,1,0,0,0,0,0,0,0
911,Undergraduate,705216633,0,0,0,0,0,1,0,0
912,Undergraduate,705313653,0,0,0,0,1,0,0,0
913,Undergraduate,705319259,1,0,0,0,0,0,0,0
914,Undergraduate,705355964,1,0,0,0,0,0,0,0
915,Undergraduate,705361192,0,0,0,0,0,0,1,0
916,Undergraduate,705365166,1,1,0,0,0,0,0,0
917,Undergraduate,705377579,1,0,0,0,0,0,0,0
918,Undergraduate,705393503,1,0,0,0,0,0,0,0
919,Undergraduate,705395960,1,0,0,0,0,0,0,0
920,Undergraduate,705448440,1,0,0,0,0,0,0,0
921,Undergraduate,705481552,1,0,0,0,0,0,0,0
922,Undergraduate,705492857,0,0,0,1,0,0,0,0
923,Undergraduate,705500584,1,0,0,0,0,0,0,0
924,Undergraduate,705506944,1,0,0,0,0,0,0,0
925,Undergraduate,705516556,1,0,1,0,0,0,0,0
926,Undergraduate,705545059,1,0,0,0,0,0,0,0
927,Undergraduate,705552224,1,0,0,0,0,0,0,0
928,Undergraduate,705556665,0,0,0,1,0,0,0,0
929,Undergraduate,705565146,0,1,0,0,0,0,0,0
930,Undergraduate,705597473,1,0,1,0,0,0,0,0
931,Undergraduate,705607410,0,0,1,0,0,0,0,0
932,Undergraduate,705624853,1,0,0,0,0,0,0,0
933,Undergraduate,804763703,1,0,0,0,0,0,0,0
934,Undergraduate,804902799,1,0,0,0,0,0,0,0
935,Undergraduate,804906702,0,1,0,0,0,0,0,0
936,Undergraduate,804925871,1,0,0,0,0,0,0,0
937,Undergraduate,804930882,1,0,0,1,0,0,0,0
938,Undergraduate,804931117,1,0,0,0,0,0,0,0
939,Undergraduate,804935375,1,0,0,0,0,0,0,0
940,Undergraduate,80496699,0,1,0,0,0,0,0,0
941,Undergraduate,804989325,0,0,0,0,0,0,1,0
942,Undergraduate,804991998,0,0,0,0,0,0,1,0
943,Undergraduate,805-522-335,1,0,0,0,0,0,0,0
944,Undergraduate,805-571-934,0,0,0,1,0,0,0,0
945,Undergraduate,805-576-936,0,0,1,0,0,0,0,0
946,Undergraduate,805004720,1,0,0,0,0,0,0,0
947,Undergraduate,805016474,0,0,1,0,0,0,0,0
948,Undergraduate,805020126,0,0,0,0,0,0,1,0
949,Undergraduate,805021574,1,0,0,0,0,0,0,0
950,Undergraduate,805067166,0,0,0,0,1,0,0,0
951,Undergraduate,805087678,0,0,1,0,0,0,0,0
952,Undergraduate,805098281,0,0,1,0,0,0,0,0
953,Undergraduate,805125430,1,0,0,0,0,0,0,0
954,Undergraduate,805126123,1,0,0,0,0,0,0,0
955,Undergraduate,805127226,1,0,0,0,0,0,0,0
956,Undergraduate,805130993,1,0,0,0,0,0,0,0
957,Undergraduate,805140384,0,0,1,0,0,0,0,0
958,Undergraduate,805167892,1,0,0,0,0,0,0,0
959,Undergraduate,805172841,0,1,0,0,0,0,0,0
960,Undergraduate,805175953,1,0,0,0,0,0,0,0
961,Undergraduate,805181647,1,0,0,0,0,0,1,0
962,Undergraduate,805185829,1,0,0,0,0,0,0,0
963,Undergraduate,805186999,1,0,0,0,0,0,0,0
964,Undergraduate,805296219,0,0,0,0,0,0,0,0
965,Undergraduate,805310319,0,0,0,0,0,0,1,0
966,Undergraduate,805317702,1,0,0,0,0,0,0,0
967,Undergraduate,805341603,1,0,0,0,0,0,0,0
968,Undergraduate,805344239,1,0,0,1,0,0,0,0
969,Undergraduate,805347737,1,0,0,0,0,0,0,0
970,Undergraduate,805355478,1,0,0,0,0,0,1,0
971,Undergraduate,805355510,1,0,0,0,0,0,0,0
972,Undergraduate,805356656,1,0,0,0,0,0,0,0
973,Undergraduate,805357038,1,0,0,0,0,0,0,0
974,Undergraduate,805360597,0,0,0,1,0,0,0,0
975,Undergraduate,805360922,1,0,0,0,0,0,0,0
976,Undergraduate,805361455,0,0,1,0,0,0,0,0
977,Undergraduate,805363652,0,0,0,0,0,0,1,0
978,Undergraduate,805364618,1,0,0,0,0,0,0,0
979,Undergraduate,805368739,0,1,0,0,0,0,0,0
980,Undergraduate,805381547,1,0,0,0,0,0,0,0
981,Undergraduate,805402781,1,0,1,0,0,0,0,0
982,Undergraduate,805406477,1,0,0,0,0,0,0,0
983,Undergraduate,805407972,0,0,0,1,0,0,0,0
984,Undergraduate,805486441,1,0,0,0,0,0,0,0
985,Undergraduate,805488968,0,0,0,1,0,0,0,0
986,Undergraduate,805492767,1,0,0,1,0,0,0,0
987,Undergraduate,805507820,1,0,0,1,0,0,0,0
988,Undergraduate,805510592,1,0,0,0,0,0,0,0
989,Undergraduate,805546567,0,0,1,0,0,0,0,0
990,Undergraduate,805551158,1,0,0,1,0,0,0,0
991,Undergraduate,805559022,1,0,0,1,0,0,0,0
992,Undergraduate,805561256,1,0,0,0,0,0,0,0
993,Undergraduate,805576936,0,0,1,0,0,0,0,0
994,Undergraduate,805580108,1,0,0,0,0,0,0,0
995,Undergraduate,805581990,0,0,0,0,1,0,0,0
996,Undergraduate,805587096,1,0,0,0,0,0,0,0
997,Undergraduate,805597547,1,0,0,0,0,0,0,0
998,Undergraduate,904064791,1,0,0,0,0,0,0,0
999,Undergraduate,904716061,1,0,0,0,0,0,0,0
1000,Undergraduate,904886671,1,0,0,0,0,0,0,0
1001,Undergraduate,904919370,1,0,0,1,0,0,0,0
1002,Undergraduate,904934059,0,0,1,0,0,0,0,0
1003,Undergraduate,904936628,0,0,0,0,0,1,0,0
1004,Undergraduate,904963928,1,0,1,0,0,0,0,0
1005,Undergraduate,904971099,1,0,0,0,0,0,0,0
1006,Undergraduate,904977930,1,0,0,0,0,0,0,0
1007,Undergraduate,904979806,1,0,0,0,0,0,0,0
1008,Undergraduate,904986741,1,0,0,0,0,0,0,0
1009,Undergraduate,904992681,1,0,0,0,0,0,0,0
1010,Undergraduate,904994468,1,0,1,0,0,0,0,0
1011,Undergraduate,904994784,1,0,0,0,0,0,0,0
1012,Undergraduate,905-548-293,0,0,1,0,0,0,0,0
1013,Undergraduate,905-580-136,1,0,0,0,0,0,0,0
1014,Undergraduate,905010570,0,0,1,0,0,0,0,0
1015,Undergraduate,905016341,1,0,0,0,0,0,0,0
1016,Undergraduate,905089931,1,0,0,0,0,0,0,0
1017,Undergraduate,905095913,1,0,0,0,0,0,0,0
1018,Undergraduate,905108232,1,0,0,0,0,0,0,0
1019,Undergraduate,905123954,0,0,1,0,0,0,0,0
1020,Undergraduate,905125415,1,0,0,0,0,0,0,0
1021,Undergraduate,905132996,1,0,0,1,0,0,0,0
1022,Undergraduate,905133608,1,0,0,0,0,0,0,0
1023,Undergraduate,905143320,1,0,0,0,0,0,0,0
1024,Undergraduate,905146489,1,0,0,0,0,0,0,0
1025,Undergraduate,905163370,1,0,0,0,0,0,0,0
1026,Undergraduate,905166217,1,0,0,0,0,0,0,0
1027,Undergraduate,905168443,1,0,0,0,0,0,0,0
1028,Undergraduate,905211738,1,0,0,0,0,0,0,0
1029,Undergraduate,905211776,1,0,0,0,0,0,0,0
1030,Undergraduate,905300225,1,0,0,0,0,0,0,0
1031,Undergraduate,905355166,1,0,0,0,0,0,0,0
1032,Undergraduate,905356364,1,0,0,0,0,0,0,0
1033,Undergraduate,905360455,1,0,0,1,0,0,0,0
1034,Undergraduate,905394139,0,0,0,0,1,0,0,0
1035,Undergraduate,905398284,0,0,0,0,0,0,1,0
1036,Undergraduate,905413835,0,0,0,0,1,0,0,0
1037,Undergraduate,905492644,1,0,0,0,0,0,0,0
1038,Undergraduate,905493196,1,0,0,1,0,0,0,0
1039,Undergraduate,905520369,0,0,0,0,0,0,1,0
1040,Undergraduate,905541630,1,0,0,0,0,0,0,0
1041,Undergraduate,905541786,1,1,0,0,0,0,0,0
1042,Undergraduate,905544515,1,0,0,1,0,0,0,0
1043,Undergraduate,905546034,1,0,1,0,0,0,0,0
1044,Undergraduate,905546722,1,0,0,1,0,0,0,0
1045,Undergraduate,905548405,0,0,0,1,0,0,0,0
1046,Undergraduate,905551073,1,0,0,1,0,0,0,0
1047,Undergraduate,905551501,1,1,0,0,0,0,0,0
1048,Undergraduate,905556754,1,0,0,0,1,0,0,0
1049,Undergraduate,905584691,1,0,0,0,0,0,0,0
1050,Undergraduate,905608102,1,0,0,0,0,0,0,0
1051,Undergraduate,905623066,1,0,0,0,1,0,0,0
1052,Undergraduate,Brains0202,1,0,0,0,0,0,0,0
